{"train_loss": [2.440343630142212, 2.1246272593688964, 1.9648718115615844, 1.851097933807373, 1.764273874130249, 1.6839426750564574, 1.6301539741516113, 1.5843507305145264, 1.5468609917449951, 1.5030393757247924, 1.4824934297561645, 1.4508956818008423, 1.4244585185241698, 1.4014408344650269, 1.3728669687652588, 1.3524339117813111, 1.3351187831115723, 1.310054072494507, 1.29229911693573, 1.2719343702316284, 1.2571740983581543, 1.2456703408813476, 1.227417698097229, 1.2201573539733888, 1.1950759499359132, 1.1891448873138428, 1.1718206060028076, 1.1549971531677246, 1.147847060546875, 1.1331690782928467, 1.121369888343811, 1.1122973272323609, 1.1029795947265626, 1.086161874923706, 1.0824083945846557, 1.0701160260772704, 1.057680428352356, 1.057516128425598, 1.0431676100540161, 1.033731104774475, 1.0235896033096314, 1.0113283764648437, 1.0081754480171203, 0.9948698180770874, 0.9872710666656495, 0.9796868434906005, 0.9738972313499451, 0.9662338036346435, 0.955508297958374, 0.9577183655548096, 0.9431471129226685, 0.9372937307357788, 0.9317454695129395, 0.9223900153160095, 0.9168866157531739, 0.9093861392593384, 0.9094688947105408, 0.9065844952392578, 0.900583969039917, 0.8927091239929199, 0.888760358581543, 0.8797162255477905, 0.8752390105819702, 0.873462198677063, 0.8680320629310608, 0.8666838936233521, 0.8615652791213989, 0.8638493915367127, 0.8556118528556824, 0.8607573352813721, 0.8592125942230224, 0.8498052496147156, 0.8493399344825745, 0.8549743994140625, 0.8486591122055054, 0.8472905251121521, 0.8464654628562928, 0.8447861401176453, 0.8468730003547669, 0.8466239788818359], "train_acc": [0.09044, 0.2266, 0.30778, 0.36546, 0.41156, 0.45062, 0.47932, 0.5005, 0.51896, 0.53938, 0.55286, 0.56496, 0.5801, 0.58862, 0.60178, 0.61246, 0.62154, 0.63134, 0.64098, 0.6494, 0.65566, 0.66328, 0.66978, 0.67246, 0.68572, 0.68696, 0.69714, 0.70556, 0.70806, 0.71214, 0.71998, 0.72486, 0.72984, 0.73566, 0.73728, 0.7435, 0.74854, 0.74958, 0.75444, 0.75788, 0.76556, 0.7693, 0.77256, 0.77786, 0.77932, 0.78488, 0.78662, 0.78966, 0.79448, 0.79424, 0.8005, 0.80306, 0.80566, 0.81042, 0.81258, 0.81602, 0.81522, 0.8167, 0.82046, 0.82352, 0.82534, 0.82946, 0.83128, 0.8322, 0.83526, 0.8346, 0.83758, 0.8363, 0.8418, 0.83872, 0.83786, 0.84284, 0.84222, 0.84116, 0.84348, 0.84402, 0.84414, 0.84524, 0.8435, 0.84616], "val_loss": [2.462229243850708, 1.826474241065979, 1.7880494178771973, 1.6517482557296752, 1.5242711112976075, 1.4463009046554565, 1.4217493406295776, 1.3787728427886963, 1.338006315422058, 1.2931081315994262, 1.2669436347961425, 1.2240286344528197, 1.2127355945587157, 1.1943539213180543, 1.1602863418579101, 1.1676041507720947, 1.1213335943222047, 1.1045490224838257, 1.105410592651367, 1.0780558391571045, 1.0683731884002685, 1.0605443590164185, 1.0284316436767578, 1.0338182810783387, 1.018996117401123, 1.0027357060432434, 0.9944108920097351, 0.9889057676315307, 0.9783518966674805, 0.969654984664917, 0.9664542521476746, 0.9496321733474732, 0.9467929594039917, 0.9489291167259216, 0.9296416374206543, 0.9179001657485962, 0.9154030660629272, 0.9013938248634339, 0.8973072301864624, 0.9255661779403687, 0.9143629370689392, 0.8911012038230895, 0.8931495067596436, 0.8826012840270996, 0.8769660171508789, 0.8757807344436646, 0.8646081901550293, 0.8820459329605103, 0.8603061471939087, 0.8528760053634643, 0.8527345726013184, 0.8542624841690063, 0.8524588748931885, 0.8424858190536499, 0.839059344291687, 0.8466216939926148, 0.8362014612197876, 0.8377775601387024, 0.8379054349899292, 0.8377401055335999, 0.8281437881469726, 0.8299181850433349, 0.8260818206787109, 0.8298422153472901, 0.8245644144058227, 0.8249471115112305, 0.8184450209617615, 0.8211651550292969, 0.8174776306152344, 0.8205150260925292, 0.8227016437530518, 0.8208508946418762, 0.8180876319885254, 0.8167833806991577, 0.8174830129623413, 0.8177334508895874, 0.8167711841583252, 0.8171397847175598, 0.8167730582237244, 0.8166581682205201], "val_acc": [0.0915, 0.3743, 0.3935, 0.4476, 0.5243, 0.5644, 0.5726, 0.5943, 0.6161, 0.6322, 0.6463, 0.6686, 0.6696, 0.6804, 0.6983, 0.6974, 0.7174, 0.7261, 0.7266, 0.7412, 0.7436, 0.7527, 0.7591, 0.7634, 0.7662, 0.7714, 0.7797, 0.7857, 0.7901, 0.7916, 0.7905, 0.8012, 0.8019, 0.8026, 0.8071, 0.8133, 0.8128, 0.8246, 0.826, 0.8114, 0.8182, 0.8304, 0.8245, 0.8328, 0.8333, 0.8359, 0.8401, 0.8327, 0.842, 0.8468, 0.8428, 0.8438, 0.8467, 0.8526, 0.8533, 0.8501, 0.8531, 0.8531, 0.8515, 0.855, 0.8568, 0.8585, 0.8585, 0.8567, 0.8596, 0.8598, 0.8627, 0.861, 0.8643, 0.8616, 0.8619, 0.8626, 0.8642, 0.865, 0.8642, 0.8643, 0.864, 0.8642, 0.864, 0.8647]}