{"train_loss": [2.303335466461182, 2.132671351470947, 1.9819398001098634, 1.8640023321533203, 1.7830016664123536, 1.72238339969635, 1.6745550225448609, 1.640419218673706, 1.6078469609832764, 1.5807177222442628, 1.5607837647247313, 1.5379317838287354, 1.5172241912078857, 1.504878772354126, 1.4926090221405028, 1.4750915201187134, 1.4644228661346435, 1.4533297315216065, 1.439053038291931, 1.4310572426605224, 1.4269823783874511, 1.4127426552581788, 1.407450923652649, 1.3979124113845824, 1.390620610923767, 1.3803927798461915, 1.3780592151260376, 1.3708045774841309, 1.3654142931747437, 1.3567372909164428, 1.3550204264068604, 1.3499122416305542, 1.349791825942993, 1.344003252182007, 1.3401258683776855, 1.342665216255188, 1.3373269212341308, 1.3383158038711547, 1.3382548678207398, 1.335945085105896], "train_acc": [0.10304, 0.21218, 0.28924, 0.35666, 0.40012, 0.43566, 0.45778, 0.47704, 0.49454, 0.50622, 0.51704, 0.5286, 0.53784, 0.54534, 0.553, 0.56278, 0.56758, 0.5691, 0.57952, 0.58186, 0.58614, 0.59134, 0.59318, 0.60012, 0.6053, 0.60564, 0.60906, 0.61394, 0.61796, 0.62038, 0.62022, 0.62214, 0.6237, 0.62692, 0.62958, 0.62652, 0.62912, 0.63132, 0.63154, 0.6305], "val_loss": [2.3029448665618895, 1.887882815170288, 1.848327979850769, 1.6350543268203734, 1.5696107992172241, 1.5560903085708617, 1.4598691955566405, 1.468269187927246, 1.4298405776977539, 1.4067749050140381, 1.3603815536499024, 1.3850442575454711, 1.3466457336425781, 1.3340679973602294, 1.294015509033203, 1.3415013973236083, 1.274110062789917, 1.2567349960327148, 1.268421780204773, 1.243277808380127, 1.2407075527191163, 1.2348646419525147, 1.2223155624389648, 1.2238583818435669, 1.212574398612976, 1.2052551803588867, 1.1911772193908692, 1.1866872549057006, 1.1868810274124146, 1.1854043462753296, 1.1795210863113403, 1.1739879278182983, 1.1700171852111816, 1.1682815494537353, 1.1700396738052368, 1.1673486976623535, 1.1655330669403077, 1.1645278022766112, 1.1656168537139893, 1.1650455310821533], "val_acc": [0.1, 0.3317, 0.3523, 0.4665, 0.4971, 0.5156, 0.5579, 0.5548, 0.573, 0.5892, 0.6036, 0.6043, 0.6142, 0.6289, 0.6503, 0.6259, 0.6539, 0.6679, 0.6586, 0.6755, 0.6739, 0.6719, 0.6837, 0.6869, 0.6879, 0.6933, 0.6998, 0.6981, 0.7013, 0.7, 0.7014, 0.7051, 0.7094, 0.7108, 0.7073, 0.7084, 0.7106, 0.7109, 0.7105, 0.7112]}