{"train_loss": [2.4037292992401125, 2.1337461727142335, 2.0057488594818116, 1.9006659837341309, 1.8154436518096924, 1.731838087387085, 1.6929309654998779, 1.6531810977172852, 1.6134156212997437, 1.5935916497802733, 1.5664241020965577, 1.5407441459655762, 1.5266041031646729, 1.5154484449005128, 1.4903540343856811, 1.4786125114059447, 1.4605550395965576, 1.457628987159729, 1.4344737071228026, 1.4225814379882813, 1.4030493908691406, 1.3877758386230468, 1.380934642868042, 1.3750918565368653, 1.3611947734069825, 1.3484629141235351, 1.34131898979187, 1.329203532409668, 1.32737089427948, 1.3079370986938477, 1.2988127697372436, 1.2920915020751953, 1.2855585567474366, 1.2686754964065552, 1.264266545791626, 1.2606639960479735, 1.2476399173355102, 1.2419128847503662, 1.2424401505661011, 1.2285848823547363, 1.2163548509979247, 1.215217901649475, 1.2057876977539062, 1.1961093524932862, 1.1935079672241211, 1.1895771718597412, 1.1827478255844117, 1.1728323959350586, 1.1681000857543946, 1.1565435314559938, 1.1532534742355347, 1.146475139274597, 1.1419564525604249, 1.1364794554519653, 1.1286844354248047, 1.1241341590881349, 1.1215700025177002, 1.1162748152160644, 1.1151035690307618, 1.1101152490997315, 1.1057001328277587, 1.0996314520263673, 1.0962745746994018, 1.089432463760376, 1.087412974243164, 1.0877056687927247, 1.0868125695037842, 1.0803498500061035, 1.0781098461914063, 1.0787582830429077, 1.0727518310928346, 1.0717898205947876, 1.0670989771652222, 1.0636087258148192, 1.0688237921142578, 1.065191633682251, 1.062424642086029, 1.067017646446228, 1.0670913890075684, 1.0607368077468873], "train_acc": [0.08366, 0.21618, 0.28058, 0.33752, 0.38692, 0.42664, 0.4476, 0.46488, 0.48488, 0.494, 0.50998, 0.5203, 0.52822, 0.53534, 0.54368, 0.55072, 0.55834, 0.55986, 0.57186, 0.57802, 0.58658, 0.59224, 0.59694, 0.59962, 0.60668, 0.61276, 0.61442, 0.62282, 0.62438, 0.63128, 0.6354, 0.63758, 0.64326, 0.6469, 0.6527, 0.65104, 0.65936, 0.66214, 0.66134, 0.66972, 0.67552, 0.67396, 0.67824, 0.68526, 0.68452, 0.68474, 0.6895, 0.6935, 0.6966, 0.69886, 0.70122, 0.70532, 0.70784, 0.71018, 0.71282, 0.7166, 0.71948, 0.72144, 0.72174, 0.7217, 0.72586, 0.72688, 0.7294, 0.73336, 0.73278, 0.7337, 0.73308, 0.7377, 0.73852, 0.73734, 0.74062, 0.74036, 0.74258, 0.74378, 0.74292, 0.74324, 0.747, 0.74386, 0.74254, 0.74648], "val_loss": [2.4176878383636473, 1.9327877592086793, 1.8158608140945434, 1.7118112201690674, 1.6115319648742676, 1.6367107181549072, 1.5387864698410034, 1.4700660303115844, 1.4408384105682372, 1.4095253980636597, 1.4165236875534057, 1.3569641536712647, 1.3459882610321046, 1.3235586151123047, 1.3014738744735719, 1.2647143825531006, 1.2910238334655761, 1.2437394411087037, 1.2457185594558715, 1.2064015174865723, 1.2270299560546876, 1.1931950584411621, 1.1882737491607667, 1.1785560705184936, 1.1912135839462281, 1.1676859886169433, 1.1322940942764281, 1.149851731300354, 1.1521320335388183, 1.12477693939209, 1.1271850387573241, 1.1114302770614624, 1.1162626189231872, 1.1011175057411193, 1.0984055641174317, 1.080045378112793, 1.0744061650276184, 1.079337987136841, 1.0495484597206115, 1.0664808521270752, 1.0801605945587158, 1.0454657154083251, 1.0582140432357787, 1.04134264793396, 1.0356041549682617, 1.025271644973755, 1.0336016765594482, 1.030431293964386, 1.0283437480926514, 1.0091218248367309, 1.0042408787727355, 1.0107579530715942, 1.0008022190093995, 0.9951805078506469, 0.990628401184082, 0.9885149168014526, 0.9945469970703125, 0.9947603399276733, 0.9863608654022217, 0.9772217714309692, 0.9773550666809082, 0.9764861612319946, 0.9788524559020996, 0.9697583080291748, 0.967100895690918, 0.9677808408737183, 0.962321612071991, 0.969789904499054, 0.9637606018066406, 0.959365566444397, 0.9572064584732055, 0.958878499507904, 0.9593359777450562, 0.9573548311233521, 0.9580056491851807, 0.9582208079338074, 0.9572487680435181, 0.9581230340003968, 0.9572798635482788, 0.957391485786438], "val_acc": [0.0729, 0.3189, 0.3766, 0.4288, 0.4897, 0.4814, 0.5231, 0.551, 0.5636, 0.584, 0.5747, 0.6076, 0.6121, 0.6231, 0.6284, 0.6511, 0.6376, 0.66, 0.6556, 0.6804, 0.6643, 0.6868, 0.6868, 0.6906, 0.6842, 0.698, 0.71, 0.7032, 0.7075, 0.7167, 0.7152, 0.7238, 0.717, 0.7251, 0.733, 0.7403, 0.7407, 0.7392, 0.7511, 0.7456, 0.7416, 0.7539, 0.7503, 0.7569, 0.7629, 0.7632, 0.7595, 0.7621, 0.764, 0.7707, 0.7725, 0.7735, 0.7777, 0.7756, 0.7792, 0.7786, 0.7812, 0.7798, 0.7842, 0.788, 0.7887, 0.7894, 0.7875, 0.7901, 0.7915, 0.794, 0.7952, 0.7923, 0.7958, 0.7969, 0.798, 0.797, 0.7967, 0.7967, 0.7983, 0.7986, 0.7977, 0.7971, 0.7972, 0.7975]}